"綺蘿","比洛爾","森圖爾特","卡芬妮","蘭鐸","菲尼克","瑪迦","拉茲","亥犽","提米","伊耿士",
"星葵","葉娜","若伊","銀晝","筱清","瑞克","薩尼","莉莉安","凡恩","穆加爵","伊格","馬洛斯",
"堇","牛魔王","祖卡","司空震","龍馬","阿杜恩","納克羅斯","莫拉","歐米茄","愛麗絲",
"諾可西","狂鐵","青硯","古木","朵莉亞","蘇","弗洛倫","娜塔亞","司科德","愛里","維羅",
"卡瑞茲","令月","夜叉","圖倫","神力女超人","明世隱","克里希","科里納卡","埃羅","瀾",
"霧己","靈靈","伯頓","夏洛特","史蘭茲","颯枷","夸克","呂布","齊爾","緹莉","盧蜜亞",
"贊尼爾","緋淚","狄拉克","趙雲","洛里昂","邦尼","貂蟬","美娜","艾琳","布萊特","刀鋒寶貝",
"阿茲卡","阿萊斯特","亞連","艾蜜莉","安奈特","莫托斯","艾瑞","艾翠絲","阿塔","芽芽","瑟斐斯",
"貝揚","希露卡","查戈納爾","克萊斯","達爾西","夜姬","哥德爾","海倫","依夏","金納","卡莉","凱恩",
"拉維爾","凱格路士","蘿兒","琳蒂","特爾安娜絲","朗博","麥克思",
"摩恩","渥馬爾","潘因","普雷塔","奎倫","超人","塔拉","閃電俠",
"索文","薇菈","安格列","悟空","勇","皮皮","蘇離","洛克"